analyze,aid,disagree,stop,person,propose,color,picture,think,animal,thanks,wrong,recognition,shape,solve,suggestions,insights,imagine,1,2,3,hello,test,random,words,string,good,horrible,Unnamed: 48,Unnamed: 49,Unnamed: 50,Unnamed: 51,Unnamed: 52,Unnamed: 53,Unnamed: 54,Unnamed: 55,Unnamed: 56,blue,red,yellow,shaped,me,you,hate,abhorrent,colored,description,to,many,few,313,one,read,where,is,scripture,Unnamed: 76,so,how,are,doing,today,call,if,don't,have,any,problem,comma,shapes,and,colors,Unnamed: 92,Unnamed: 93,Unnamed: 94,Unnamed: 95,Unnamed: 96,Unnamed: 97,Unnamed: 98,Unnamed: 99,besides,as,well,Unnamed: 103,Unnamed: 104,Unnamed: 105,Unnamed: 106,yeah,it's,kind,of,circle,actually,in,the,seems,be,green,i,agree,purple,white,black,brown,Unnamed: 124,that's,okay,turn,on,proposed,square,please,just,best,set,hardcore,some,strings,display,them,here,then,truffles,Unnamed: 143,go,agreed,disagreed,Unnamed: 147,Unnamed: 148,bad,now,Unnamed: 151,all,right,look,chicken,what,it,not,trippin,this,potato,help,great,assist,input,nice,unsure,brainstorm,do,no,incorrect,innovate,yes,continue,terrible,awful,create,envision,grateful
0.025214446022328453,0.018455019539172425,0.016532454284993094,0.014617777637550757,0.014390907829938748,0.013567082309483258,0.011489284239456124,0.011318982244850909,0.009092434748985825,0.007947114451870005,0.007462725928140148,0.00642824602666653,0.0062110732123199395,0.004702944010255093,0.0033062302722185904,0.0028142332565925634,0.0009278155868072712,0.0002584435540067282,0.0,0.0,0.0,0.0,0.0,0.0,0.0,0.0,0.0,0.0,0.0,0.0,0.0,0.0,0.0,0.0,0.0,0.0,0.0,0.0,0.0,0.0,0.0,0.0,0.0,0.0,0.0,0.0,0.0,0.0,0.0,0.0,0.0,0.0,0.0,0.0,0.0,0.0,0.0,0.0,0.0,0.0,0.0,0.0,0.0,0.0,0.0,0.0,0.0,0.0,0.0,0.0,0.0,0.0,0.0,0.0,0.0,0.0,0.0,0.0,0.0,0.0,0.0,0.0,0.0,0.0,0.0,0.0,0.0,0.0,0.0,0.0,0.0,0.0,0.0,0.0,0.0,0.0,0.0,0.0,0.0,0.0,0.0,0.0,0.0,0.0,0.0,0.0,0.0,0.0,0.0,0.0,0.0,0.0,0.0,0.0,0.0,0.0,0.0,0.0,0.0,0.0,0.0,0.0,0.0,0.0,0.0,0.0,0.0,0.0,0.0,0.0,0.0,0.0,0.0,0.0,0.0,0.0,0.0,0.0,0.0,0.0,0.0,0.0,-0.0003873408078336318,-0.002766405290472551,-0.003099764051609212,-0.0036991015858091852,-0.004415590829089138,-0.004419681057907039,-0.004519593530512872,-0.004607364829283501,-0.004917631065259621,-0.004989959784117041,-0.005387983993483649,-0.005400629292710692,-0.00613757491307538,-0.006992136734200745,-0.007270490076370157,-0.009045134852147288,-0.013643950499590593,-0.01573914988413518
